[{"__type__":"cc.Texture2D","content":"0,9729,9729,33071,33071,0"},{"__type__":"cc.Texture2D","content":"0,9729,9729,33071,33071,0"},[{"__type__":"cc.Prefab","_name":"animal","data":{"__id__":1}},{"__type__":"cc.Node","_name":"animal","_level":2,"_components":[{"__type__":"cc.Sprite","node":{"__id__":1}},{"__type__":"39049FDSS5DxI+Q4YZRMzOy","node":{"__id__":1}}],"_prefab":{"__type__":"cc.PrefabInfo","root":{"__id__":1},"asset":{"__id__":0},"fileId":"35mpD5/hhGlq5UQ0WtZUag"},"_contentSize":{"__type__":"cc.Size","width":454,"height":512},"_position":{"__type__":"cc.Vec3","x":-480,"y":-320},"_scale":{"__type__":"cc.Vec3","x":0.13,"y":0.13,"z":1}}],{"__type__":"cc.SpriteFrame","content":{"name":"boat","texture":"65xM6BUjFAAqTu7WMe0BiN","rect":[1,0,511,512],"offset":[0.5,0],"originalSize":[512,512],"capInsets":[0,0,0,0]}},{"__type__":"cc.SpriteFrame","content":{"name":"background","texture":"4bXknb2ZxJNa9vlLCfQ4vE","rect":[0,0,1360,760],"offset":[0,0],"originalSize":[1360,760],"capInsets":[0,0,0,0]}},{"__type__":"cc.AudioClip","_name":"leopard","_native":".mp3"},{"__type__":"cc.SpriteFrame","content":{"name":"goRight","texture":"f6msVsJYtHpptXlOl7d8sH","rect":[0,10,512,492],"offset":[0,0],"originalSize":[512,512],"capInsets":[0,0,0,0]}},{"__type__":"cc.AudioClip","_name":"moose","_native":".mp3"},{"__type__":"cc.Texture2D","content":"0,9729,9729,33071,33071,0"},[{"__type__":"cc.SceneAsset","_name":"stage","scene":{"__id__":1},"asyncLoadAssets":null},{"__type__":"cc.Scene","_name":"New Node","_children":[{"__id__":2}],"_active":false,"_anchorPoint":{"__type__":"cc.Vec2"},"_scale":{"__type__":"cc.Vec3","x":0.47197265625,"y":0.47197265625,"z":1},"autoReleaseAssets":false},{"__type__":"cc.Node","_name":"Canvas","_parent":{"__id__":1},"_children":[{"__id__":3},{"__id__":4},{"__id__":5},{"__id__":6},{"__id__":7},{"__id__":8},{"__id__":10},{"__id__":12},{"__id__":13},{"__id__":15}],"_level":1,"_components":[{"__type__":"cc.Canvas","node":{"__id__":2},"_designResolution":{"__type__":"cc.Size","width":800,"height":500},"_fitWidth":true},{"__type__":"82b3741WGtMPIfSWTJ3P/tO","node":{"__id__":2},"animalPrefab":{"__uuid__":"73777B+UZDebHZT/e2DzSa"},"boat":{"__id__":5},"GoBtn":{"__id__":6},"rulesBtn":{"__id__":14},"ruleContext":{"__id__":27}}],"_contentSize":{"__type__":"cc.Size","width":800,"height":500},"_position":{"__type__":"cc.Vec3","x":400,"y":250},"_scale":{"__type__":"cc.Vec3","x":0.8,"y":0.77,"z":1},"_id":"ed2rxHd1BE15DOGlDT4Z8S"},{"__type__":"cc.Node","_name":"Main Camera","_parent":{"__id__":2},"_level":1,"_components":[{"__type__":"cc.Camera","node":{"__id__":3},"_clearFlags":7,"_depth":-1}],"_scale":{"__type__":"cc.Vec3","x":1,"y":1,"z":1}},{"__type__":"cc.Node","_name":"background","_parent":{"__id__":2},"_level":1,"_components":[{"__type__":"cc.Sprite","node":{"__id__":4},"_spriteFrame":{"__uuid__":"b7SOYLmqpJWqFaHqbramQm"},"_sizeMode":0}],"_contentSize":{"__type__":"cc.Size","width":1161,"height":760},"_position":{"__type__":"cc.Vec3","x":3,"y":1},"_scale":{"__type__":"cc.Vec3","x":0.85,"y":0.85,"z":1}},{"__type__":"cc.Node","_name":"boat","_parent":{"__id__":2},"_level":2,"_components":[{"__type__":"cc.Sprite","node":{"__id__":5},"_spriteFrame":{"__uuid__":"81a2yeH2NCtIEeSExzyL73"},"_sizeMode":0},{"__type__":"4c891A22JdPSa1tfq1qe617","node":{"__id__":5}}],"_contentSize":{"__type__":"cc.Size","width":649,"height":423},"_position":{"__type__":"cc.Vec3","x":55,"y":-101},"_scale":{"__type__":"cc.Vec3","x":0.32,"y":0.32,"z":1}},{"__type__":"cc.Node","_name":"go","_parent":{"__id__":2},"_level":2,"_components":[{"__type__":"cc.Sprite","node":{"__id__":6},"_spriteFrame":{"__uuid__":"b8xc4FEGJJlYETG3rO7Tur"}}],"_contentSize":{"__type__":"cc.Size","width":512,"height":492},"_position":{"__type__":"cc.Vec3","x":6,"y":268},"_scale":{"__type__":"cc.Vec3","x":0.19,"y":0.19,"z":1}},{"__type__":"cc.Node","_name":"animal","_parent":{"__id__":2},"_level":2,"_components":[{"__type__":"cc.Sprite","node":{"__id__":7}},{"__type__":"39049FDSS5DxI+Q4YZRMzOy","node":{"__id__":7}}],"_prefab":{"__type__":"cc.PrefabInfo","root":{"__id__":7},"asset":{"__uuid__":"73777B+UZDebHZT/e2DzSa"},"fileId":"35mpD5/hhGlq5UQ0WtZUag"},"_contentSize":{"__type__":"cc.Size","width":454,"height":512},"_position":{"__type__":"cc.Vec3","x":-480,"y":-320},"_scale":{"__type__":"cc.Vec3","x":0.13,"y":0.13,"z":1}},{"__type__":"cc.Node","_name":"audioControl","_parent":{"__id__":2},"_level":2,"_components":[{"__type__":"926117TetVE85WiFib40+8Q","node":{"__id__":8},"tigerRoar":{"__id__":9},"deerSound":{"__id__":11}}],"_scale":{"__type__":"cc.Vec3","x":1,"y":1,"z":1}},{"__type__":"cc.AudioSource","node":{"__id__":10},"_clip":{"__uuid__":"b8Eb8azoVIW62UFNAox69l"}},{"__type__":"cc.Node","_name":"tigerSound","_parent":{"__id__":2},"_level":2,"_components":[{"__id__":9}],"_scale":{"__type__":"cc.Vec3","x":1,"y":1,"z":1}},{"__type__":"cc.AudioSource","node":{"__id__":12},"_clip":{"__uuid__":"d8zyq3/v9KhZCcAMsd9pE6"}},{"__type__":"cc.Node","_name":"deerSound","_parent":{"__id__":2},"_level":2,"_components":[{"__id__":11}],"_scale":{"__type__":"cc.Vec3","x":1,"y":1,"z":1}},{"__type__":"cc.Node","_name":"rules","_parent":{"__id__":2},"_level":2,"_components":[{"__id__":14}],"_color":{"__type__":"cc.Color"},"_contentSize":{"__type__":"cc.Size","width":140,"height":40},"_position":{"__type__":"cc.Vec3","x":345,"y":180},"_scale":{"__type__":"cc.Vec3","x":1,"y":1,"z":1}},{"__type__":"cc.Label","node":{"__id__":13},"_useOriginalSize":false,"_string":"游戏规则","_N$string":"游戏规则","_fontSize":35,"_N$horizontalAlign":1,"_N$verticalAlign":1},{"__type__":"cc.Node","_name":"ruleContext","_parent":{"__id__":2},"_children":[{"__id__":16},{"__id__":17},{"__id__":18},{"__id__":19},{"__id__":20},{"__id__":21},{"__id__":22},{"__id__":23},{"__id__":24},{"__id__":25},{"__id__":26}],"_level":2,"_components":[{"__id__":27}],"_color":{"__type__":"cc.Color"},"_contentSize":{"__type__":"cc.Size","width":150,"height":220},"_position":{"__type__":"cc.Vec3","x":345,"y":-41},"_scale":{"__type__":"cc.Vec3","x":1.58,"y":1.58,"z":1}},{"__type__":"cc.PrivateNode","_name":"RICHTEXT_CHILD","_parent":{"__id__":15},"_level":3,"_components":[{"__type__":"cc.Label","node":{"__id__":16},"_string":"目的：把所有动物运到","_N$string":"目的：把所有动物运到","_fontSize":15,"_lineHeight":20,"_N$verticalAlign":1}],"_color":{"__type__":"cc.Color"},"_contentSize":{"__type__":"cc.Size","width":150,"height":20},"_anchorPoint":{"__type__":"cc.Vec2"},"_position":{"__type__":"cc.Vec3","x":-75,"y":90},"_scale":{"__type__":"cc.Vec3","x":1,"y":1,"z":1}},{"__type__":"cc.PrivateNode","_name":"RICHTEXT_CHILD","_parent":{"__id__":15},"_level":3,"_components":[{"__type__":"cc.Label","node":{"__id__":17},"_string":"右岸","_N$string":"右岸","_fontSize":15,"_lineHeight":20,"_N$verticalAlign":1}],"_color":{"__type__":"cc.Color"},"_contentSize":{"__type__":"cc.Size","width":30,"height":20},"_anchorPoint":{"__type__":"cc.Vec2"},"_position":{"__type__":"cc.Vec3","x":-75,"y":70},"_scale":{"__type__":"cc.Vec3","x":1,"y":1,"z":1}},{"__type__":"cc.PrivateNode","_name":"RICHTEXT_CHILD","_parent":{"__id__":15},"_level":3,"_components":[{"__type__":"cc.Label","node":{"__id__":18},"_string":"规则：1.只有鹿在船","_N$string":"规则：1.只有鹿在船","_fontSize":15,"_lineHeight":20,"_N$verticalAlign":1}],"_color":{"__type__":"cc.Color"},"_contentSize":{"__type__":"cc.Size","width":132.51,"height":20},"_anchorPoint":{"__type__":"cc.Vec2"},"_position":{"__type__":"cc.Vec3","x":-75,"y":50},"_scale":{"__type__":"cc.Vec3","x":1,"y":1,"z":1}},{"__type__":"cc.PrivateNode","_name":"RICHTEXT_CHILD","_parent":{"__id__":15},"_level":3,"_components":[{"__type__":"cc.Label","node":{"__id__":19},"_string":"上，船才能移动","_N$string":"上，船才能移动","_fontSize":15,"_lineHeight":20,"_N$verticalAlign":1}],"_color":{"__type__":"cc.Color"},"_contentSize":{"__type__":"cc.Size","width":105,"height":20},"_anchorPoint":{"__type__":"cc.Vec2"},"_position":{"__type__":"cc.Vec3","x":-75,"y":30},"_scale":{"__type__":"cc.Vec3","x":1,"y":1,"z":1}},{"__type__":"cc.PrivateNode","_name":"RICHTEXT_CHILD","_parent":{"__id__":15},"_level":3,"_components":[{"__type__":"cc.Label","node":{"__id__":20},"_string":"          2.离开岸的时","_N$string":"          2.离开岸的时","_fontSize":15,"_lineHeight":20,"_N$verticalAlign":1}],"_color":{"__type__":"cc.Color"},"_contentSize":{"__type__":"cc.Size","width":129.18,"height":20},"_anchorPoint":{"__type__":"cc.Vec2"},"_position":{"__type__":"cc.Vec3","x":-75,"y":10},"_scale":{"__type__":"cc.Vec3","x":1,"y":1,"z":1}},{"__type__":"cc.PrivateNode","_name":"RICHTEXT_CHILD","_parent":{"__id__":15},"_level":3,"_components":[{"__type__":"cc.Label","node":{"__id__":21},"_string":"候，如果老虎比鹿多，","_N$string":"候，如果老虎比鹿多，","_fontSize":15,"_lineHeight":20,"_N$verticalAlign":1}],"_color":{"__type__":"cc.Color"},"_contentSize":{"__type__":"cc.Size","width":150,"height":20},"_anchorPoint":{"__type__":"cc.Vec2"},"_position":{"__type__":"cc.Vec3","x":-75,"y":-10},"_scale":{"__type__":"cc.Vec3","x":1,"y":1,"z":1}},{"__type__":"cc.PrivateNode","_name":"RICHTEXT_CHILD","_parent":{"__id__":15},"_level":3,"_components":[{"__type__":"cc.Label","node":{"__id__":22},"_string":"那么游戏结束","_N$string":"那么游戏结束","_fontSize":15,"_lineHeight":20,"_N$verticalAlign":1}],"_color":{"__type__":"cc.Color"},"_contentSize":{"__type__":"cc.Size","width":90,"height":20},"_anchorPoint":{"__type__":"cc.Vec2"},"_position":{"__type__":"cc.Vec3","x":-75,"y":-30},"_scale":{"__type__":"cc.Vec3","x":1,"y":1,"z":1}},{"__type__":"cc.PrivateNode","_name":"RICHTEXT_CHILD","_parent":{"__id__":15},"_level":3,"_components":[{"__type__":"cc.Label","node":{"__id__":23},"_string":"          3.靠岸的时候，","_N$string":"          3.靠岸的时候，","_fontSize":15,"_lineHeight":20,"_N$verticalAlign":1}],"_color":{"__type__":"cc.Color"},"_contentSize":{"__type__":"cc.Size","width":144.18,"height":20},"_anchorPoint":{"__type__":"cc.Vec2"},"_position":{"__type__":"cc.Vec3","x":-75,"y":-50},"_scale":{"__type__":"cc.Vec3","x":1,"y":1,"z":1}},{"__type__":"cc.PrivateNode","_name":"RICHTEXT_CHILD","_parent":{"__id__":15},"_level":3,"_components":[{"__type__":"cc.Label","node":{"__id__":24},"_string":"船上的和岸上的老虎总","_N$string":"船上的和岸上的老虎总","_fontSize":15,"_lineHeight":20,"_N$verticalAlign":1}],"_color":{"__type__":"cc.Color"},"_contentSize":{"__type__":"cc.Size","width":150,"height":20},"_anchorPoint":{"__type__":"cc.Vec2"},"_position":{"__type__":"cc.Vec3","x":-75,"y":-70},"_scale":{"__type__":"cc.Vec3","x":1,"y":1,"z":1}},{"__type__":"cc.PrivateNode","_name":"RICHTEXT_CHILD","_parent":{"__id__":15},"_level":3,"_components":[{"__type__":"cc.Label","node":{"__id__":25},"_string":"和如果比鹿总和多，游","_N$string":"和如果比鹿总和多，游","_fontSize":15,"_lineHeight":20,"_N$verticalAlign":1}],"_color":{"__type__":"cc.Color"},"_contentSize":{"__type__":"cc.Size","width":150,"height":20},"_anchorPoint":{"__type__":"cc.Vec2"},"_position":{"__type__":"cc.Vec3","x":-75,"y":-90},"_scale":{"__type__":"cc.Vec3","x":1,"y":1,"z":1}},{"__type__":"cc.PrivateNode","_name":"RICHTEXT_CHILD","_parent":{"__id__":15},"_level":3,"_components":[{"__type__":"cc.Label","node":{"__id__":26},"_string":"戏结束","_N$string":"戏结束","_fontSize":15,"_lineHeight":20,"_N$verticalAlign":1}],"_color":{"__type__":"cc.Color"},"_contentSize":{"__type__":"cc.Size","width":45,"height":20},"_anchorPoint":{"__type__":"cc.Vec2"},"_position":{"__type__":"cc.Vec3","x":-75,"y":-110},"_scale":{"__type__":"cc.Vec3","x":1,"y":1,"z":1}},{"__type__":"cc.RichText","node":{"__id__":15},"_N$string":"目的：把所有动物运到右岸\n规则：1.只有鹿在船上，船才能移动\n          2.离开岸的时候，如果老虎比鹿多，那么游戏结束\n          3.靠岸的时候，船上的和岸上的老虎总和如果比鹿总和多，游戏结束","_N$fontSize":15,"_N$maxWidth":150,"_N$lineHeight":20}]]