[[{"__type__":"cc.SceneAsset","_name":"succeed","scene":{"__id__":1},"asyncLoadAssets":null},{"__type__":"cc.Scene","_name":"New Node","_children":[{"__id__":2}],"_anchorPoint":{"__type__":"cc.Vec2"},"_scale":{"__type__":"cc.Vec3","x":0.45777168449599126,"y":0.45777168449599126,"z":1},"autoReleaseAssets":false},{"__type__":"cc.Node","_name":"Canvas","_parent":{"__id__":1},"_children":[{"__id__":3},{"__id__":4},{"__id__":5}],"_components":[{"__type__":"cc.Canvas","node":{"__id__":2}},{"__type__":"d0ed2WYXfJIAIFBtFDVHlGh","node":{"__id__":2},"againBtn":{"__id__":6}}],"_contentSize":{"__type__":"cc.Size","width":960,"height":640},"_position":{"__type__":"cc.Vec3","x":480,"y":320},"_scale":{"__type__":"cc.Vec3","x":1,"y":1,"z":1},"_id":"8aXZnou0FHj4gFSRUAjJAQ"},{"__type__":"cc.Node","_name":"Main Camera","_parent":{"__id__":2},"_level":1,"_components":[{"__type__":"cc.Camera","node":{"__id__":3},"_clearFlags":7,"_depth":-1}],"_scale":{"__type__":"cc.Vec3","x":1,"y":1,"z":1}},{"__type__":"cc.Node","_name":"succeed","_parent":{"__id__":2},"_level":1,"_components":[{"__type__":"cc.Sprite","node":{"__id__":4},"_spriteFrame":{"__uuid__":"63Ez9TQy9JjrfRrBOOe4YR"}}],"_contentSize":{"__type__":"cc.Size","width":1920,"height":1200},"_position":{"__type__":"cc.Vec3","x":9},"_scale":{"__type__":"cc.Vec3","x":0.55,"y":0.55,"z":1}},{"__type__":"cc.Node","_name":"againBtn","_parent":{"__id__":2},"_level":1,"_components":[{"__id__":6}],"_color":{"__type__":"cc.Color","r":195,"g":1,"b":1},"_contentSize":{"__type__":"cc.Size","width":160,"height":40},"_position":{"__type__":"cc.Vec3","x":-284,"y":-140},"_scale":{"__type__":"cc.Vec3","x":1,"y":1,"z":1}},{"__type__":"cc.Label","node":{"__id__":5},"_useOriginalSize":false,"_string":"再来一次","_N$string":"再来一次","_N$horizontalAlign":1,"_N$verticalAlign":1}],{"__type__":"cc.SpriteFrame","content":{"name":"succeed","texture":"07ukcji6dJkai6K0MBLWUz","rect":[0,0,1920,1200],"offset":[0,0],"originalSize":[1920,1200],"capInsets":[0,0,0,0]}}]